-0.356547802686691,0.080854415893555
-0.336629764093323,0.079045621103348
-0.316711725499954,0.077236826313141
-0.296793686906586,0.075428031522934
-0.276875648313217,0.073619236732727
-0.256957609719848,0.07181044194252
-0.23703957112648,0.070001647152313
-0.217121532533111,0.068192852362106
-0.197203493939743,0.066384057571899
-0.177285455346374,0.064575262781692
-0.157367416753006,0.062766467991485
-0.137449378159637,0.060957673201278
-0.117531339566268,0.059148878411071
-0.0976133009729,0.057340083620864
-0.077695262379531,0.055531288830657
-0.057777223786163,0.053722494040449
-0.037859185192794,0.051913699250242
-0.017941146599426,0.050104904460035
0.001976891993943,0.048296109669828
0.021894930587312,0.046487314879621
0.04181296918068,0.044678520089414
0.061731007774049,0.042869725299207
0.081649046367417,0.041060930509
0.101567084960786,0.039252135718793
0.121485123554155,0.037443340928586
0.141403162147523,0.035634546138379
0.161321200740892,0.033825751348172
0.18123923933426,0.032016956557965
0.201157277927629,0.030208161767758
0.221075316520997,0.028399366977551
0.240993355114366,0.026590572187344
0.260911393707735,0.024781777397137
0.280829432301103,0.02297298260693
0.28745511174202,0.022371292114258
0.28745511174202,0.022371292114258
0.307388105406213,0.024007068255181
0.327321099070407,0.025642844396104
0.347254092734601,0.027278620537027
0.367187086398794,0.02891439667795
0.387120080062988,0.030550172818873
0.407053073727182,0.032185948959796
0.426986067391376,0.033821725100718
0.446919061055569,0.035457501241641
0.466852054719763,0.037093277382564
0.486785048383957,0.038729053523487
0.50671804204815,0.04036482966441
0.526651035712344,0.042000605805333
0.546584029376538,0.043636381946256
0.566517023040732,0.045272158087179
0.586450016704925,0.046907934228102
0.606383010369119,0.048543710369025
0.626316004033313,0.050179486509948
0.646248997697507,0.051815262650871
0.6661819913617,0.053451038791794
0.686114985025894,0.055086814932717
0.706047978690088,0.05672259107364
0.725980972354282,0.058358367214563
0.745913966018476,0.059994143355485
0.765846959682669,0.061629919496408
0.785779953346863,0.063265695637331
0.805712947011057,0.064901471778254
0.825645940675251,0.066537247919177
0.845578934339444,0.0681730240601
0.865511928003638,0.069808800201023
0.885444921667832,0.071444576341946
0.904839813709259,0.073036193847656
0.904839813709259,0.073036193847656
0.924826806615448,0.072315004158342
0.944813799521636,0.071593814469027
0.964800792427824,0.070872624779713
0.984787785334013,0.070151435090399
1.0047747782402,0.069430245401084
1.02476177114639,0.06870905571177
1.04474876405258,0.067987866022456
1.06473575695877,0.067266676333141
1.08472274986496,0.066545486643827
1.10470974277114,0.065824296954512
1.12469673567733,0.065103107265198
1.14468372858352,0.064381917575884
1.16467072148971,0.063660727886569
1.1846577143959,0.062939538197255
1.20464470730209,0.06221834850794
1.22463170020827,0.061497158818626
1.24461869311446,0.060775969129312
1.26460568602065,0.060054779439997
1.28459267892684,0.059333589750683
1.30457967183303,0.058612400061368
1.32456666473922,0.057891210372054
1.3445536576454,0.05717002068274
1.36454065055159,0.056448830993425
1.38452764345778,0.055727641304111
1.40451463636397,0.055006451614796
1.42450162927016,0.054285261925482
1.44448862217635,0.053564072236168
1.46447561508254,0.052842882546853
1.48394870758057,0.052140235900879
1.48394870758057,0.052140235900879
1.50369431977424,0.048960487625118
1.52343993196791,0.045780739349357
1.54318554416158,0.042600991073596
1.56293115635525,0.039421242797836
1.58267676854891,0.036241494522075
1.60242238074258,0.033061746246314
1.62216799293625,0.029881997970553
1.64191360512992,0.026702249694792
1.66165921732359,0.023522501419031
1.68140482951726,0.02034275314327
1.70115044171093,0.01716300486751
1.7208960539046,0.013983256591749
1.74064166609827,0.010803508315988
1.76038727829194,0.007623760040227
1.78013289048561,0.004444011764466
1.79987850267928,0.001264263488705
1.81962411487295,-0.001915484787056
1.83936972706662,-0.005095233062817
1.85911533926029,-0.008274981338577
1.87886095145396,-0.011454729614338
1.89860656364763,-0.014634477890099
1.9183521758413,-0.01781422616586
1.93809778803497,-0.020993974441621
1.95784340022864,-0.024173722717382
1.97758901242231,-0.027353470993143
1.99733462461598,-0.030533219268904
2.01708023680965,-0.033712967544664
2.03682584900332,-0.036892715820425
2.04501724243164,-0.038211822509766
2.04501724243164,-0.038211822509766
2.06212863319703,-0.048565580575035
2.07924002396242,-0.058919338640305
2.09635141472781,-0.069273096705574
2.1134628054932,-0.079626854770843
2.13057419625859,-0.089980612836113
2.14768558702398,-0.100334370901382
2.16479697778937,-0.110688128966651
2.18190836855476,-0.121041887031921
2.19901975932015,-0.13139564509719
2.21613115008554,-0.14174940316246
2.23324254085093,-0.152103161227729
2.25035393161632,-0.162456919292998
2.26746532238171,-0.172810677358268
2.2845767131471,-0.183164435423537
2.30168810391249,-0.193518193488807
2.31879949467788,-0.203871951554076
2.33591088544327,-0.214225709619345
2.35302227620866,-0.224579467684614
2.37013366697405,-0.234933225749884
2.38724505773943,-0.245286983815153
2.39478826522827,-0.249851226806641
2.39478826522827,-0.249851226806641
2.40215818008057,-0.268443815520155
2.40952809493286,-0.28703640423367
2.41689800978516,-0.305628992947184
2.42426792463745,-0.324221581660699
2.43163783948975,-0.342814170374214
2.43900775434205,-0.361406759087728
2.44637766919434,-0.379999347801243
2.45374758404664,-0.398591936514758
2.46111749889893,-0.417184525228272
2.46848741375123,-0.435777113941787
2.47585732860353,-0.454369702655302
2.48322724345582,-0.472962291368816
2.49059715830812,-0.491554880082331
2.49796707316041,-0.510147468795846
2.50533698801271,-0.52874005750936
2.512706902865,-0.547332646222875
2.5200768177173,-0.56592523493639
2.52744673256959,-0.584517823649904
2.53481664742189,-0.603110412363419
2.54218656227419,-0.621703001076933
2.54955647712648,-0.640295589790448
2.55692639197878,-0.658888178503963
2.56429630683107,-0.677480767217477
2.57166622168337,-0.696073355930992
2.57903613653566,-0.714665944644507
2.583331823349,-0.725502967834473
2.583331823349,-0.725502967834473
2.58436087581821,-0.745476476565179
2.58538992828742,-0.765449985295886
2.58641898075664,-0.785423494026592
2.58744803322585,-0.805397002757299
2.58847708569506,-0.825370511488005
2.58950613816428,-0.845344020218711
2.59053519063349,-0.865317528949418
2.5915642431027,-0.885291037680124
2.59259329557192,-0.905264546410831
2.59362234804113,-0.925238055141537
2.59465140051034,-0.945211563872244
2.59568045297955,-0.96518507260295
2.59670950544877,-0.985158581333657
2.59773855791798,-1.00513209006436
2.59876761038719,-1.02510559879507
2.59979666285641,-1.04507910752578
2.60082571532562,-1.06505261625648
2.60185476779483,-1.08502612498719
2.60288382026404,-1.1049996337179
2.60391287273326,-1.1249731424486
2.60494192520247,-1.14494665117931
2.60597097767168,-1.16492015991002
2.6070000301409,-1.18489366864072
2.60802908261011,-1.20486717737143
2.60905813507932,-1.22484068610213
2.61008718754853,-1.24481419483284
2.61111624001775,-1.26478770356355
2.61214529248696,-1.28476121229425
2.61315774917603,-1.3044126033783
2.61315774917603,-1.3044126033783
2.613651110715,-1.32440651731209
2.61414447225398,-1.34440043124588
2.61463783379296,-1.36439434517967
2.61513119533194,-1.38438825911346
2.61562455687092,-1.40438217304725
2.6161179184099,-1.42437608698104
2.61661127994887,-1.44437000091484
2.61710464148785,-1.46436391484863
2.61759800302683,-1.48435782878242
2.61809136456581,-1.50435174271621
2.61858472610479,-1.52434565665
2.61907808764377,-1.54433957058379
2.61957144918274,-1.56433348451759
2.62006481072172,-1.58432739845138
2.6205581722607,-1.60432131238517
2.62105153379968,-1.62431522631896
2.62154489533866,-1.64430914025275
2.62203825687764,-1.66430305418654
2.62253161841661,-1.68429696812033
2.62302497995559,-1.70429088205413
2.62351834149457,-1.72428479598792
2.62401170303355,-1.74427870992171
2.62450506457253,-1.7642726238555
2.62499842611151,-1.78426653778929
2.62549178765048,-1.80426045172308
2.62598514918946,-1.82425436565687
2.62614846229553,-1.83087277412415
2.62614846229553,-1.83087277412415
2.62641322817147,-1.85087102152313
2.6266779940474,-1.87086926892211
2.62694275992334,-1.8908675163211
2.62720752579928,-1.91086576372008
2.62747229167521,-1.93086401111906
2.62773705755115,-1.95086225851804
2.62800182342709,-1.97086050591703
2.62826658930302,-1.99085875331601
2.62853135517896,-2.01085700071499
2.6287961210549,-2.03085524811398
2.62906088693083,-2.05085349551296
2.62932565280677,-2.07085174291194
2.62959041868271,-2.09084999031093
2.62985518455864,-2.11084823770991
2.63011995043458,-2.13084648510889
2.63038471631051,-2.15084473250788
2.63064948218645,-2.17084297990686
2.63091424806239,-2.19084122730584
2.63117901393832,-2.21083947470483
2.63144377981426,-2.23083772210381
2.6317085456902,-2.25083596950279
2.63197331156613,-2.27083421690178
2.63223807744207,-2.29083246430076
2.63250284331801,-2.31083071169974
2.63276760919394,-2.33082895909873
2.63303237506988,-2.35082720649771
2.63329714094581,-2.37082545389669
2.63356190682175,-2.39082370129568
2.63382667269769,-2.41082194869466
2.63409143857362,-2.43082019609364
2.63435620444956,-2.45081844349263
2.6346209703255,-2.47081669089161
2.63488573620143,-2.49081493829059
2.63515050207737,-2.51081318568958
2.6354152679533,-2.53081143308856
2.63568003382924,-2.55080968048754
2.63594479970518,-2.57080792788653
2.63614130020142,-2.5856499671936
2.63614130020142,-2.5856499671936
2.63648555418976,-2.60564700420391
2.63682980817811,-2.62564404121421
2.63717406216646,-2.64564107822452
2.63751831615481,-2.66563811523482
2.63786257014316,-2.68563515224513
2.63820682413151,-2.70563218925543
2.63855107811986,-2.72562922626574
2.63889533210821,-2.74562626327604
2.63923958609655,-2.76562330028635
2.6395838400849,-2.78562033729665
2.63992809407325,-2.80561737430696
2.6402723480616,-2.82561441131726
2.64061660204995,-2.84561144832757
2.6409608560383,-2.86560848533787
2.64130511002665,-2.88560552234818
2.64164936401499,-2.90560255935848
2.64199361800334,-2.92559959636879
2.64233787199169,-2.9455966333791
2.64268212598004,-2.9655936703894
2.64302637996839,-2.98559070739971
2.64337063395674,-3.00558774441001
2.64371488794509,-3.02558478142032
2.64405914193343,-3.04558181843062
2.64440339592178,-3.06557885544093
2.64474764991013,-3.08557589245123
2.64509190389848,-3.10557292946154
2.64543615788683,-3.12556996647184
2.64578041187518,-3.14556700348215
2.64612466586352,-3.16556404049245
2.64646891985187,-3.18556107750276
2.64681317384022,-3.20555811451306
2.64715742782857,-3.22555515152337
2.64750168181692,-3.24555218853367
2.64761090278625,-3.25189661979675
2.64761090278625,-3.25189661979675
2.64817947258543,-3.2718885363728
2.6487480423846,-3.29188045294884
2.64931661218377,-3.31187236952488
2.64988518198295,-3.33186428610093
2.65045375178212,-3.35185620267697
2.65102232158129,-3.37184811925301
2.65159089138047,-3.39184003582905
2.65215946117964,-3.4118319524051
2.65272803097881,-3.43182386898114
2.65329660077799,-3.45181578555718
2.65386517057716,-3.47180770213323
2.65443374037633,-3.49179961870927
2.65500231017551,-3.51179153528531
2.65557087997468,-3.53178345186136
2.65613944977385,-3.5517753684374
2.65670801957303,-3.57176728501344
2.6572765893722,-3.59175920158949
2.65784515917137,-3.61175111816553
2.65841372897055,-3.63174303474157
2.65898229876972,-3.65173495131762
2.65955086856889,-3.67172686789366
2.66011943836807,-3.6917187844697
2.66059279441833,-3.70836281776428
2.66059279441833,-3.70836281776428
2.66040541075581,-3.72836193992909
2.66021802709329,-3.7483610620939
2.66003064343077,-3.76836018425871
2.65984325976825,-3.78835930642352
2.65965587610572,-3.80835842858833
2.6594684924432,-3.82835755075315
2.65928110878068,-3.84835667291796
2.65909372511816,-3.86835579508277
2.65890634145564,-3.88835491724758
2.65871895779311,-3.90835403941239
2.65853157413059,-3.9283531615772
2.65834419046807,-3.94835228374201
2.65815680680555,-3.96835140590682
2.65796942314302,-3.98835052807163
2.6577820394805,-4.00834965023644
2.65759465581798,-4.02834877240125
2.65740727215546,-4.04834789456606
2.65721988849294,-4.06834701673087
2.65703250483041,-4.08834613889569
2.65684512116789,-4.1083452610605
2.65665773750537,-4.12834438322531
2.65647035384285,-4.14834350539012
2.65628297018033,-4.16834262755493
2.6560955865178,-4.18834174971974
2.65590820285528,-4.20834087188455
2.65572081919276,-4.22833999404936
2.65553343553024,-4.24833911621417
2.65534605186771,-4.26833823837898
2.65515866820519,-4.2883373605438
2.65497128454267,-4.30833648270861
2.65478390088015,-4.32833560487342
2.65467166900635,-4.34031391143799
2.65467166900635,-4.34031391143799
2.65560152130456,-4.36029228411205
2.65653137360277,-4.3802706567861
2.65746122590098,-4.40024902946016
2.6583910781992,-4.42022740213422
2.65932093049741,-4.44020577480827
2.66025078279562,-4.46018414748233
2.66118063509383,-4.48016252015639
2.66211048739205,-4.50014089283044
2.66304033969026,-4.5201192655045
2.66397019198847,-4.54009763817856
2.66490004428668,-4.56007601085262
2.66582989658489,-4.58005438352667
2.66675974888311,-4.60003275620073
2.66768960118132,-4.62001112887479
2.66861945347953,-4.63998950154884
2.66954930577774,-4.6599678742229
2.67047915807596,-4.67994624689696
2.67140901037417,-4.69992461957101
2.67233886267238,-4.71990299224507
2.67326871497059,-4.73988136491913
2.6741985672688,-4.75985973759319
2.67512841956702,-4.77983811026724
2.67605827186523,-4.7998164829413
2.67698812416344,-4.81979485561536
2.67791797646165,-4.83977322828941
2.67884782875987,-4.85975160096347
2.67977768105808,-4.87972997363753
2.68070753335629,-4.89970834631158
2.6816373856545,-4.91968671898564
2.68256723795272,-4.9396650916597
2.68349709025093,-4.95964346433376
2.68405675888062,-4.9716682434082
2.68405675888062,-4.9716682434082
2.6814728701892,-4.99150062902442
2.67888898149778,-5.01133301464064
2.67630509280636,-5.03116540025686
2.67372120411494,-5.05099778587307
2.67113731542352,-5.07083017148929
2.6685534267321,-5.09066255710551
2.66596953804068,-5.11049494272172
2.66338564934926,-5.13032732833794
2.66080176065784,-5.15015971395416
2.65821787196642,-5.16999209957038
2.65563398327499,-5.18982448518659
2.65305009458357,-5.20965687080281
2.65046620589215,-5.22948925641903
2.64788231720073,-5.24932164203524
2.64529842850931,-5.26915402765146
2.6427145398179,-5.28898641326768
2.64013065112648,-5.3088187988839
2.63754676243506,-5.32865118450011
2.63496287374364,-5.34848357011633
2.63237898505222,-5.36831595573255
2.6297950963608,-5.38814834134877
2.62721120766938,-5.40798072696498
2.62462731897796,-5.4278131125812
2.62204343028654,-5.44764549819742
2.61945954159512,-5.46747788381363
2.6168756529037,-5.48731026942985
2.61429176421228,-5.50714265504607
2.61170787552086,-5.52697504066229
2.60912398682944,-5.5468074262785
2.60882139205933,-5.54912996292114
2.60882139205933,-5.54912996292114
2.59334956723143,-5.56180366153263
2.57787774240352,-5.57447736014411
2.56240591757562,-5.5871510587556
2.54693409274772,-5.59982475736708
2.53146226791982,-5.61249845597857
2.51599044309192,-5.62517215459005
2.50051861826402,-5.63784585320154
2.48504679343612,-5.65051955181302
2.46957496860822,-5.6631932504245
2.45410314378032,-5.67586694903599
2.43863131895241,-5.68854064764747
2.42315949412451,-5.70121434625896
2.40768766929661,-5.71388804487044
2.39221584446871,-5.72656174348193
2.37674401964081,-5.73923544209341
2.36127219481291,-5.7519091407049
2.34580036998501,-5.76458283931638
2.33032854515711,-5.77725653792787
2.3148567203292,-5.78993023653935
2.2993848955013,-5.80260393515083
2.2839130706734,-5.81527763376232
2.27138662338257,-5.82553863525391
2.27138662338257,-5.82553863525391
2.25138723589786,-5.82538210974016
2.23138784841315,-5.82522558422641
2.21138846092844,-5.82506905871266
2.19138907344373,-5.82491253319891
2.17138968595902,-5.82475600768516
2.15139029847431,-5.8245994821714
2.1313909109896,-5.82444295665765
2.1113915235049,-5.8242864311439
2.09139213602019,-5.82412990563015
2.07139274853548,-5.8239733801164
2.05139336105077,-5.82381685460265
2.03139397356606,-5.8236603290889
2.01139458608135,-5.82350380357515
1.99139519859664,-5.8233472780614
1.97139581111193,-5.82319075254765
1.95139642362722,-5.8230342270339
1.93139703614251,-5.82287770152015
1.9113976486578,-5.8227211760064
1.89139826117309,-5.82256465049265
1.87139887368839,-5.8224081249789
1.85139948620368,-5.82225159946515
1.83140009871897,-5.8220950739514
1.81553936004639,-5.82197093963623
1.81553936004639,-5.82197093963623
1.79613921293424,-5.81710942834578
1.7767390658221,-5.81224791705534
1.75733891870995,-5.80738640576489
1.73793877159781,-5.80252489447444
1.71853862448566,-5.797663383184
1.69913847737352,-5.79280187189355
1.67973833026137,-5.7879403606031
1.66033818314923,-5.78307884931265
1.64093803603709,-5.7782173380222
1.62153788892494,-5.77335582673176
1.6021377418128,-5.76849431544131
1.58273759470065,-5.76363280415086
1.56333744758851,-5.75877129286041
1.54393730047636,-5.75390978156996
1.52453715336422,-5.74904827027952
1.50513700625207,-5.74418675898907
1.48573685913993,-5.73932524769862
1.46633671202778,-5.73446373640817
1.44693656491564,-5.72960222511773
1.4275364178035,-5.72474071382728
1.40813627069135,-5.71987920253683
1.38873612357921,-5.71501769124638
1.3771196603775,-5.71210670471191
1.3771196603775,-5.71210670471191
1.36312136099525,-5.69782218111451
1.349123061613,-5.6835376575171
1.33512476223075,-5.66925313391969
1.3211264628485,-5.65496861032228
1.30712816346626,-5.64068408672487
1.29312986408401,-5.62639956312747
1.27913156470176,-5.61211503953006
1.26513326531951,-5.59783051593265
1.25113496593726,-5.58354599233524
1.23713666655501,-5.56926146873783
1.22313836717276,-5.55497694514042
1.20914006779051,-5.54069242154302
1.19514176840826,-5.52640789794561
1.18114346902601,-5.5121233743482
1.16714516964376,-5.49783885075079
1.15314687026151,-5.48355432715338
1.15051376819611,-5.48086738586426
1.15051376819611,-5.48086738586426
1.1460108430071,-5.46138088631349
1.1415079178181,-5.44189438676271
1.1370049926291,-5.42240788721194
1.1325020674401,-5.40292138766117
1.12799914225109,-5.3834348881104
1.12349621706209,-5.36394838855963
1.11899329187309,-5.34446188900885
1.11449036668409,-5.32497538945808
1.10998744149509,-5.30548888990731
1.10548451630608,-5.28600239035654
1.10098159111708,-5.26651589080577
1.09647866592808,-5.24702939125499
1.09197574073908,-5.22754289170422
1.08747281555007,-5.20805639215345
1.08296989036107,-5.18856989260268
1.07846696517207,-5.16908339305191
1.07396403998307,-5.14959689350113
1.06946111479406,-5.13011039395036
1.06495818960506,-5.11062389439959
1.06045526441606,-5.09113739484882
1.05595233922706,-5.07165089529805
1.05144941403806,-5.05216439574727
1.04694648884905,-5.0326778961965
1.04244356366005,-5.01319139664573
1.03794063847105,-4.99370489709496
1.03343771328205,-4.97421839754419
1.03290748596191,-4.971923828125
1.03290748596191,-4.971923828125
1.03309523682202,-4.95192470940405
1.03328298768213,-4.93192559068311
1.03347073854224,-4.91192647196216
1.03365848940235,-4.89192735324121
1.03384624026245,-4.87192823452026
1.03403399112256,-4.85192911579932
1.03422174198267,-4.83192999707837
1.03440949284278,-4.81193087835742
1.03459724370289,-4.79193175963648
1.03478499456299,-4.77193264091553
1.0349727454231,-4.75193352219458
1.03516049628321,-4.73193440347363
1.03534824714332,-4.71193528475269
1.03553599800343,-4.69193616603174
1.03572374886353,-4.67193704731079
1.03591149972364,-4.65193792858985
1.03609925058375,-4.6319388098689
1.03628700144386,-4.61193969114795
1.03647475230397,-4.591940572427
1.03666250316407,-4.57194145370606
1.03685025402418,-4.55194233498511
1.03703800488429,-4.53194321626416
1.0372257557444,-4.51194409754322
1.03741350660451,-4.49194497882227
1.03760125746462,-4.47194586010132
1.03767538070679,-4.46405029296875
1.03767538070679,-4.46405029296875
1.03786331348855,-4.4440511759565
1.03805124627031,-4.42405205894426
1.03823917905207,-4.40405294193201
1.03842711183383,-4.38405382491976
1.03861504461559,-4.36405470790752
1.03880297739735,-4.34405559089527
1.03899091017911,-4.32405647388303
1.03917884296087,-4.30405735687078
1.03936677574263,-4.28405823985853
1.03955470852438,-4.26405912284629
1.03974264130614,-4.24406000583404
1.0399305740879,-4.22406088882179
1.04011850686966,-4.20406177180955
1.04030643965142,-4.1840626547973
1.04049437243318,-4.16406353778505
1.04068230521494,-4.14406442077281
1.0408702379967,-4.12406530376056
1.04105817077846,-4.10406618674831
1.04124610356022,-4.08406706973607
1.04143403634198,-4.06406795272382
1.04162196912374,-4.04406883571158
1.0418099019055,-4.02406971869933
1.04199783468726,-4.00407060168708
1.04210782051086,-3.99236631393433
1.04210782051086,-3.99236631393433
1.04229509579984,-3.97236719075439
1.04248237108882,-3.95236806757446
1.0426696463778,-3.93236894439453
1.04285692166677,-3.91236982121459
1.04304419695575,-3.89237069803466
1.04323147224473,-3.87237157485473
1.04341874753371,-3.85237245167479
1.04360602282269,-3.83237332849486
1.04379329811166,-3.81237420531493
1.04398057340064,-3.79237508213499
1.04416784868962,-3.77237595895506
1.0443551239786,-3.75237683577513
1.04454239926757,-3.73237771259519
1.04472967455655,-3.71237858941526
1.04491694984553,-3.69237946623533
1.04510422513451,-3.67238034305539
1.04523241519928,-3.65869092941284
1.04523241519928,-3.65869092941284
1.04302214157281,-3.63881343735534
1.04081186794634,-3.61893594529783
1.03860159431987,-3.59905845324033
1.0363913206934,-3.57918096118283
1.03418104706693,-3.55930346912532
1.03197077344046,-3.53942597706782
1.02976049981399,-3.51954848501032
1.02755022618752,-3.49967099295281
1.02533995256105,-3.47979350089531
1.02312967893458,-3.4599160088378
1.02091940530811,-3.4400385167803
1.01870913168164,-3.4201610247228
1.01649885805516,-3.40028353266529
1.01428858442869,-3.38040604060779
1.01207831080222,-3.36052854855029
1.00986803717575,-3.34065105649278
1.00765776354928,-3.32077356443528
1.00544748992281,-3.30089607237777
1.00323721629634,-3.28101858032027
1.00102694266987,-3.26114108826277
0.998816669043402,-3.24126359620526
0.996606395416932,-3.22138610414776
0.99650627374649,-3.22048568725586
0.99650627374649,-3.22048568725586
0.996711426845879,-3.20048673947839
0.996916579945267,-3.18048779170093
0.997121733044656,-3.16048884392346
0.997326886144044,-3.140489896146
0.997532039243433,-3.12049094836853
0.997737192342821,-3.10049200059106
0.99794234544221,-3.0804930528136
0.998147498541598,-3.06049410503613
0.998352651640987,-3.04049515725867
0.998557804740375,-3.0204962094812
0.998762957839764,-3.00049726170373
0.998968110939152,-2.98049831392627
0.99917326403854,-2.9604993661488
0.999378417137929,-2.94050041837134
0.999583570237317,-2.92050147059387
0.999788723336706,-2.9005025228164
0.999993876436094,-2.88050357503894
1.00019902953548,-2.86050462726147
1.00040418263487,-2.84050567948401
1.00060933573426,-2.82050673170654
1.00081448883365,-2.80050778392907
1.00101964193304,-2.78050883615161
1.00117516517639,-2.76534795761108
1.00117516517639,-2.76534795761108
1.00225860625091,-2.74537732528664
1.00334204732543,-2.7254066929622
1.00442548839994,-2.70543606063776
1.00550892947446,-2.68546542831332
1.00659237054898,-2.66549479598887
1.00767581162349,-2.64552416366443
1.00875925269801,-2.62555353133999
1.00984269377253,-2.60558289901555
1.01092613484705,-2.58561226669111
1.01200957592156,-2.56564163436666
1.01309301699608,-2.54567100204222
1.0141764580706,-2.52570036971778
1.01525989914511,-2.50572973739334
1.01634334021963,-2.4857591050689
1.01742678129415,-2.46578847274445
1.01851022236866,-2.44581784042001
1.01959366344318,-2.42584720809557
1.0206771045177,-2.40587657577113
1.02176054559222,-2.38590594344669
1.02204990386963,-2.38057231903076
1.02204990386963,-2.38057231903076
1.01952979701743,-2.3607317277731
1.01700969016522,-2.34089113651544
1.01448958331302,-2.32105054525779
1.01196947646082,-2.30120995400013
1.00944936960861,-2.28136936274247
1.00692926275641,-2.26152877148481
1.00440915590421,-2.24168818022715
1.001889049052,-2.22184758896949
0.999368942199798,-2.20200699771183
0.996848835347595,-2.18216640645417
0.994328728495391,-2.16232581519652
0.991808621643188,-2.14248522393886
0.989288514790985,-2.1226446326812
0.986768407938781,-2.10280404142354
0.984248301086578,-2.08296345016588
0.981728194234374,-2.06312285890822
0.979208087382171,-2.04328226765056
0.976687980529968,-2.02344167639291
0.974167873677764,-2.00360108513525
0.973065435886383,-1.99492168426514
0.973065435886383,-1.99492168426514
0.956665098511932,-1.98347489720482
0.940264761137481,-1.97202811014451
0.92386442376303,-1.96058132308419
0.90746408638858,-1.94913453602388
0.891063749014129,-1.93768774896356
0.874663411639678,-1.92624096190325
0.858263074265227,-1.91479417484293
0.841862736890776,-1.90334738778262
0.825462399516325,-1.8919006007223
0.809062062141874,-1.88045381366199
0.792661724767423,-1.86900702660167
0.776261387392972,-1.85756023954136
0.759861050018521,-1.84611345248105
0.74346071264407,-1.83466666542073
0.727060375269619,-1.82321987836042
0.710660037895168,-1.8117730913001
0.694259700520717,-1.80032630423979
0.677859363146266,-1.78887951717947
0.661459025771815,-1.77743273011916
0.645058688397364,-1.76598594305884
0.642067730426788,-1.76389837265015
0.642067730426788,-1.76389837265015
0.622331956924615,-1.76065811891457
0.602596183422441,-1.757417865179
0.582860409920267,-1.75417761144343
0.563124636418094,-1.75093735770785
0.54338886291592,-1.74769710397228
0.523653089413746,-1.7444568502367
0.503917315911572,-1.74121659650113
0.484181542409399,-1.73797634276556
0.464445768907225,-1.73473608902998
0.444709995405051,-1.73149583529441
0.424974221902878,-1.72825558155884
0.405238448400704,-1.72501532782326
0.38550267489853,-1.72177507408769
0.365766901396356,-1.71853482035211
0.346031127894183,-1.71529456661654
0.326295354392009,-1.71205431288097
0.309724360704422,-1.70933365821838
0.309724360704422,-1.70933365821838
0.290160615387525,-1.71348815808908
0.270596870070628,-1.71764265795977
0.251033124753732,-1.72179715783047
0.231469379436835,-1.72595165770116
0.211905634119938,-1.73010615757186
0.192341888803042,-1.73426065744255
0.172778143486145,-1.73841515731325
0.153214398169248,-1.74256965718394
0.133650652852351,-1.74672415705464
0.114086907535455,-1.75087865692533
0.094523162218558,-1.75503315679602
0.074959416901661,-1.75918765666672
0.055395671584765,-1.76334215653741
0.035831926267868,-1.76749665640811
0.016268180950971,-1.7716511562788
-0.003295564365926,-1.7758056561495
-0.022859309682823,-1.77996015602019
-0.042423054999719,-1.78411465589089
-0.061986800316616,-1.78826915576158
-0.081550545633513,-1.79242365563228
-0.093985050916672,-1.79506421089172
-0.093985050916672,-1.79506421089172
-0.110584256757362,-1.80622066039228
-0.127183462598053,-1.81737710989283
-0.143782668438744,-1.82853355939338
-0.160381874279434,-1.83969000889393
-0.176981080120125,-1.85084645839449
-0.193580285960816,-1.86200290789504
-0.210179491801506,-1.87315935739559
-0.226778697642197,-1.88431580689614
-0.243377903482888,-1.8954722563967
-0.259977109323578,-1.90662870589725
-0.276576315164269,-1.9177851553978
-0.29317552100496,-1.92894160489835
-0.30977472684565,-1.94009805439891
-0.326373932686341,-1.95125450389946
-0.342973138527032,-1.96241095340001
-0.359572344367723,-1.97356740290057
-0.376171550208413,-1.98472385240112
-0.392770756049104,-1.99588030190167
-0.409369961889794,-2.00703675140222
-0.425969167730485,-2.01819320090278
-0.428615540266037,-2.01997184753418
-0.428615540266037,-2.01997184753418
-0.434005174720074,-2.03923195761829
-0.439394809174112,-2.05849206770239
-0.444784443628149,-2.0777521777865
-0.450174078082187,-2.0970122878706
-0.455563712536224,-2.11627239795471
-0.460953346990261,-2.13553250803881
-0.466342981444299,-2.15479261812292
-0.471732615898336,-2.17405272820702
-0.477122250352374,-2.19331283829113
-0.482511884806411,-2.21257294837523
-0.487901519260448,-2.23183305845934
-0.493291153714486,-2.25109316854345
-0.498680788168523,-2.27035327862755
-0.504070422622561,-2.28961338871166
-0.509460057076598,-2.30887349879576
-0.514849691530635,-2.32813360887987
-0.520239325984673,-2.34739371896397
-0.52562896043871,-2.36665382904808
-0.531018594892748,-2.38591393913218
-0.536408229346785,-2.40517404921629
-0.541797863800822,-2.42443415930039
-0.54718749825486,-2.4436942693845
-0.552577132708898,-2.46295437946861
-0.555493533611298,-2.47337627410889
-0.555493533611298,-2.47337627410889
-0.557877706848157,-2.49323365857857
-0.560261880085015,-2.51309104304824
-0.562646053321874,-2.53294842751792
-0.565030226558733,-2.5528058119876
-0.567414399795592,-2.57266319645728
-0.569798573032451,-2.59252058092696
-0.57218274626931,-2.61237796539664
-0.574566919506169,-2.63223534986632
-0.576951092743028,-2.652092734336
-0.579335265979887,-2.67195011880567
-0.581719439216746,-2.69180750327535
-0.584103612453605,-2.71166488774503
-0.586487785690463,-2.73152227221471
-0.588871958927322,-2.75137965668439
-0.591256132164181,-2.77123704115407
-0.59364030540104,-2.79109442562375
-0.596024478637899,-2.81095181009343
-0.598408651874758,-2.8308091945631
-0.600792825111617,-2.85066657903278
-0.603176998348476,-2.87052396350246
-0.605561171585334,-2.89038134797214
-0.607945344822193,-2.91023873244182
-0.610329518059052,-2.9300961169115
-0.612199723720551,-2.94567275047302
-0.612199723720551,-2.94567275047302
-0.613062466786212,-2.96565413366845
-0.613925209851873,-2.98563551686388
-0.614787952917535,-3.00561690005932
-0.615650695983196,-3.02559828325475
-0.616513439048857,-3.04557966645018
-0.617376182114519,-3.06556104964561
-0.61823892518018,-3.08554243284104
-0.619101668245841,-3.10552381603647
-0.619964411311503,-3.1255051992319
-0.620827154377164,-3.14548658242733
-0.621689897442825,-3.16546796562276
-0.622552640508487,-3.18544934881819
-0.623415383574148,-3.20543073201362
-0.62427812663981,-3.22541211520906
-0.625140869705471,-3.24539349840449
-0.626003612771132,-3.26537488159992
-0.626866355836794,-3.28535626479535
-0.627729098902455,-3.30533764799078
-0.628591841968116,-3.32531903118621
-0.629454585033778,-3.34530041438164
-0.630317328099439,-3.36528179757707
-0.6311800711651,-3.3852631807725
-0.632042814230762,-3.40524456396793
-0.632905557296423,-3.42522594716337
-0.633768300362084,-3.4452073303588
-0.634631043427746,-3.46518871355423
-0.634844362735748,-3.4701292514801
-0.634844362735748,-3.4701292514801
-0.636080351355828,-3.49009102324844
-0.637316339975907,-3.51005279501677
-0.638552328595987,-3.5300145667851
-0.639788317216066,-3.54997633855344
-0.641024305836146,-3.56993811032177
-0.642260294456226,-3.5898998820901
-0.643496283076305,-3.60986165385844
-0.644732271696385,-3.62982342562677
-0.645968260316464,-3.6497851973951
-0.647204248936544,-3.66974696916344
-0.648440237556623,-3.68970874093177
-0.649676226176703,-3.70967051270011
-0.650912214796783,-3.72963228446844
-0.652148203416862,-3.74959405623677
-0.653384192036942,-3.76955582800511
-0.654620180657021,-3.78951759977344
-0.655856169277101,-3.80947937154177
-0.657092157897181,-3.82944114331011
-0.65832814651726,-3.84940291507844
-0.65956413513734,-3.86936468684677
-0.66080012375742,-3.88932645861511
-0.662036112377499,-3.90928823038344
-0.663272100997579,-3.92925000215178
-0.664508089617658,-3.94921177392011
-0.665744078237738,-3.96917354568844
-0.666980066857818,-3.98913531745678
-0.668216055477897,-4.00909708922511
-0.669452044097977,-4.02905886099344
-0.670688032718056,-4.04902063276178
-0.671924021338136,-4.06898240453011
-0.673160009958216,-4.08894417629844
-0.674395998578295,-4.10890594806677
-0.675631987198375,-4.12886771983511
-0.675965964794159,-4.13426160812378
-0.675965964794159,-4.13426160812378
-0.675546748666781,-4.15425721408705
-0.675127532539403,-4.17425282005033
-0.674708316412025,-4.1942484260136
-0.674289100284647,-4.21424403197688
-0.673869884157269,-4.23423963794015
-0.673450668029891,-4.25423524390343
-0.673031451902513,-4.2742308498667
-0.672612235775135,-4.29422645582998
-0.672193019647757,-4.31422206179325
-0.67177380352038,-4.33421766775653
-0.671354587393002,-4.3542132737198
-0.670935371265624,-4.37420887968308
-0.670516155138246,-4.39420448564635
-0.670096939010868,-4.41420009160963
-0.66967772288349,-4.4341956975729
-0.669258506756112,-4.45419130353618
-0.668839290628734,-4.47418690949945
-0.668420074501356,-4.49418251546273
-0.668000858373978,-4.514178121426
-0.6675816422466,-4.53417372738928
-0.667162426119222,-4.55416933335255
-0.666743209991844,-4.57416493931583
-0.666323993864466,-4.5941605452791
-0.665904777737088,-4.61415615124238
-0.66548556160971,-4.63415175720565
-0.665066345482332,-4.65414736316893
-0.664647129354955,-4.6741429691322
-0.664227913227577,-4.69413857509548
-0.663869738578796,-4.71122264862061
-0.663869738578796,-4.71122264862061
-0.663316712320511,-4.73121500120747
-0.662763686062226,-4.75120735379434
-0.662210659803941,-4.77119970638121
-0.661657633545655,-4.79119205896808
-0.66110460728737,-4.81118441155495
-0.660551581029085,-4.83117676414182
-0.659998554770799,-4.85116911672868
-0.659445528512514,-4.87116146931555
-0.658892502254229,-4.89115382190242
-0.658339475995943,-4.91114617448929
-0.657786449737658,-4.93113852707616
-0.657233423479373,-4.95113087966303
-0.656680397221087,-4.97112323224989
-0.656127370962802,-4.99111558483676
-0.655574344704517,-5.01110793742363
-0.655021318446232,-5.0311002900105
-0.654468292187946,-5.05109264259737
-0.653915265929661,-5.07108499518424
-0.653362239671376,-5.0910773477711
-0.65280921341309,-5.11106970035797
-0.652256187154805,-5.13106205294484
-0.65170316089652,-5.15105440553171
-0.651150134638234,-5.17104675811858
-0.650807440280914,-5.18343544006348
-0.650807440280914,-5.18343544006348
-0.650326453274079,-5.20342965551443
-0.649845466267244,-5.22342387096539
-0.649364479260409,-5.24341808641635
-0.648883492253574,-5.2634123018673
-0.648402505246739,-5.28340651731826
-0.647921518239904,-5.30340073276921
-0.647440531233069,-5.32339494822017
-0.646959544226234,-5.34338916367113
-0.646478557219399,-5.36338337912208
-0.645997570212563,-5.38337759457304
-0.645516583205728,-5.403371810024
-0.645035596198893,-5.42336602547495
-0.644554609192058,-5.44336024092591
-0.644073622185223,-5.46335445637686
-0.643592635178388,-5.48334867182782
-0.643111648171553,-5.50334288727878
-0.642630661164718,-5.52333710272973
-0.642149674157883,-5.54333131818069
-0.641668687151048,-5.56332553363165
-0.641187700144213,-5.5833197490826
-0.640706713137377,-5.60331396453356
-0.640225726130542,-5.62330817998451
-0.639744739123707,-5.64330239543547
-0.639263752116872,-5.66329661088643
-0.638782765110037,-5.68329082633738
-0.638301778103202,-5.70328504178834
-0.638181030750275,-5.7083044052124
-0.638181030750275,-5.7083044052124
-0.637537244235987,-5.72829404100008
-0.636893457721699,-5.74828367678776
-0.63624967120741,-5.76827331257544
-0.635605884693122,-5.78826294836312
-0.634962098178834,-5.80825258415079
-0.634318311664546,-5.82824221993847
-0.633674525150258,-5.84823185572615
-0.63303073863597,-5.86822149151383
-0.632386952121682,-5.88821112730151
-0.631743165607394,-5.90820076308919
-0.631099379093106,-5.92819039887686
-0.630455592578818,-5.94818003466454
-0.629811806064529,-5.96816967045222
-0.629168019550241,-5.9881593062399
-0.628524233035953,-6.00814894202758
-0.627880446521665,-6.02813857781526
-0.627236660007377,-6.04812821360293
-0.626592873493089,-6.06811784939061
-0.625949086978801,-6.08810748517829
-0.625305300464513,-6.10809712096597
-0.624661513950225,-6.12808675675365
-0.624650478363037,-6.1284294128418
-0.624650478363037,-6.1284294128418
-0.624170224956727,-6.14842364592701
-0.623689971550418,-6.16841787901222
-0.623209718144108,-6.18841211209743
-0.622729464737799,-6.20840634518264
-0.622249211331489,-6.22840057826785
-0.621768957925179,-6.24839481135306
-0.62128870451887,-6.26838904443827
-0.62080845111256,-6.28838327752348
-0.62032819770625,-6.30837751060869
-0.619847944299941,-6.3283717436939
-0.619367690893631,-6.34836597677911
-0.618887437487322,-6.36836020986432
-0.618407184081012,-6.38835444294953
-0.617926930674702,-6.40834867603474
-0.617446677268393,-6.42834290911995
-0.616966423862083,-6.44833714220516
-0.616486170455774,-6.46833137529037
-0.616005917049464,-6.48832560837558
-0.615525663643155,-6.50831984146079
-0.615045410236845,-6.528314074546
-0.614565156830535,-6.54830830763121
-0.614084903424226,-6.56830254071642
-0.613604650017916,-6.58829677380163
-0.613124396611607,-6.60829100688684
-0.612644143205297,-6.62828523997205
-0.612163889798987,-6.64827947305727
-0.612044036388397,-6.65326929092407
-0.612044036388397,-6.65326929092407
-0.603308035312901,-6.6712604633486
-0.594572034237404,-6.68925163577312
-0.585836033161907,-6.70724280819764
-0.577100032086411,-6.72523398062216
-0.568364031010914,-6.74322515304669
-0.559628029935417,-6.76121632547121
-0.550892028859921,-6.77920749789573
-0.542156027784424,-6.79719867032026
-0.533420026708928,-6.81518984274478
-0.524684025633431,-6.8331810151693
-0.515948024557935,-6.85117218759383
-0.507212023482438,-6.86916336001835
-0.498476022406942,-6.88715453244287
-0.489740021331445,-6.90514570486739
-0.481004020255949,-6.92313687729192
-0.472268019180452,-6.94112804971644
-0.463532018104956,-6.95911922214096
-0.457723826169968,-6.9710807800293
-0.457723826169968,-6.9710807800293
-0.443709610186046,-6.98534968854943
-0.429695394202124,-6.99961859706957
-0.415681178218202,-7.0138875055897
-0.401666962234281,-7.02815641410984
-0.387652746250359,-7.04242532262997
-0.373638530266437,-7.05669423115011
-0.359624314282515,-7.07096313967024
-0.345610098298594,-7.08523204819038
-0.331595882314672,-7.09950095671051
-0.317581666330751,-7.11376986523065
-0.303567450346829,-7.12803877375078
-0.289553234362907,-7.14230768227092
-0.275539018378986,-7.15657659079105
-0.261524802395064,-7.17084549931119
-0.247510586411142,-7.18511440783132
-0.233496370427221,-7.19938331635146
-0.219482154443299,-7.2136522248716
-0.205467938459377,-7.22792113339173
-0.191453722475456,-7.24219004191187
-0.177439506491534,-7.256458950432
-0.163425290507613,-7.27072785895214
-0.149411074523691,-7.28499676747227
-0.135396858539769,-7.29926567599241
-0.121382642555848,-7.31353458451254
-0.110863894224167,-7.32424449920654
-0.110863894224167,-7.32424449920654
-0.091619437962272,-7.32968976349618
-0.072374981700377,-7.33513502778582
-0.053130525438482,-7.34058029207546
-0.033886069176587,-7.3460255563651
-0.014641612914692,-7.35147082065473
0.004602843347203,-7.35691608494437
0.023847299609098,-7.36236134923401
0.043091755870993,-7.36780661352365
0.062336212132888,-7.37325187781329
0.081580668394783,-7.37869714210292
0.100825124656678,-7.38414240639256
0.120069580918573,-7.3895876706822
0.139314037180468,-7.39503293497184
0.158558493442363,-7.40047819926148
0.177802949704258,-7.40592346355112
0.197047405966153,-7.41136872784076
0.216291862228047,-7.41681399213039
0.235536318489942,-7.42225925642003
0.254780774751837,-7.42770452070967
0.273447304964065,-7.43298625946045
0.273447304964065,-7.43298625946045
0.293269075140525,-7.43565035913419
0.313090845316984,-7.43831445880794
0.332912615493443,-7.44097855848168
0.352734385669902,-7.44364265815542
0.372556155846361,-7.44630675782917
0.39237792602282,-7.44897085750291
0.412199696199279,-7.45163495717665
0.432021466375738,-7.4542990568504
0.451843236552197,-7.45696315652414
0.471665006728656,-7.45962725619788
0.491486776905115,-7.46229135587163
0.511308547081575,-7.46495545554537
0.531130317258034,-7.46761955521911
0.550952087434493,-7.47028365489285
0.570773857610952,-7.4729477545666
0.590595627787411,-7.47561185424034
0.61041739796387,-7.47827595391408
0.630239168140329,-7.48094005358783
0.650060938316789,-7.48360415326157
0.669882708493248,-7.48626825293531
0.689704478669707,-7.48893235260905
0.709526248846166,-7.4915964522828
0.711348116397858,-7.49184131622314
0.711348116397858,-7.49184131622314
0.73134700388752,-7.49205226450078
0.751345891377182,-7.49226321277842
0.771344778866844,-7.49247416105606
0.791343666356506,-7.4926851093337
0.811342553846168,-7.49289605761134
0.83134144133583,-7.49310700588898
0.851340328825492,-7.49331795416661
0.871339216315154,-7.49352890244425
0.891338103804816,-7.49373985072189
0.911336991294478,-7.49395079899953
0.93133587878414,-7.49416174727717
0.951334766273802,-7.49437269555481
0.971333653763464,-7.49458364383244
0.991332541253126,-7.49479459211008
1.01133142874279,-7.49500554038772
1.03133031623245,-7.49521648866536
1.05132920372211,-7.495427436943
1.07132809121178,-7.49563838522063
1.09132697870144,-7.49584933349827
1.1113258661911,-7.49606028177591
1.13132475368076,-7.49627123005355
1.13172245025635,-7.49627542495728
1.13172245025635,-7.49627542495728
1.15169427477233,-7.49733666267944
1.17166609928831,-7.4983979004016
1.19163792380428,-7.49945913812376
1.21160974832026,-7.50052037584593
1.23158157283624,-7.50158161356809
1.25155339735222,-7.50264285129025
1.2715252218682,-7.50370408901242
1.29149704638418,-7.50476532673458
1.31146887090016,-7.50582656445674
1.33144069541614,-7.5068878021789
1.35141251993212,-7.50794903990107
1.3713843444481,-7.50901027762323
1.39135616896407,-7.51007151534539
1.41132799348005,-7.51113275306756
1.43129981799603,-7.51219399078972
1.45127164251201,-7.51325522851188
1.47124346702799,-7.51431646623404
1.49121529154397,-7.51537770395621
1.51118711605995,-7.51643894167837
1.53115894057593,-7.51750017940053
1.55113076509191,-7.51856141712269
1.57074642181396,-7.51960372924805
1.57074642181396,-7.51960372924805
1.58913891627683,-7.52745969178828
1.60753141073969,-7.53531565432851
1.62592390520256,-7.54317161686874
1.64431639966542,-7.55102757940897
1.66270889412828,-7.55888354194921
1.68110138859115,-7.56673950448944
1.69949388305401,-7.57459546702967
1.71788637751688,-7.5824514295699
1.73627887197974,-7.59030739211013
1.7546713664426,-7.59816335465036
1.77306386090547,-7.6060193171906
1.79145635536833,-7.61387527973083
1.8098488498312,-7.62173124227106
1.82824134429406,-7.62958720481129
1.84663383875692,-7.63744316735152
1.86502633321979,-7.64529912989175
1.88341882768265,-7.65315509243199
1.90181132214552,-7.66101105497222
1.92020381660838,-7.66886701751245
1.93859631107124,-7.67672298005268
1.95698880553411,-7.68457894259291
1.97538129999697,-7.69243490513314
1.99026346206665,-7.69879150390625
1.99026346206665,-7.69879150390625
1.99559683753351,-7.71806726864152
2.00093021300038,-7.73734303337679
2.00626358846724,-7.75661879811206
2.01159696393411,-7.77589456284733
2.01693033940097,-7.7951703275826
2.02226371486784,-7.81444609231787
2.0275970903347,-7.83372185705314
2.03293046580157,-7.8529976217884
2.03826384126843,-7.87227338652367
2.0435972167353,-7.89154915125894
2.04893059220216,-7.91082491599421
2.05426396766902,-7.93010068072948
2.05959734313589,-7.94937644546475
2.06493071860275,-7.96865221020002
2.07026409406962,-7.98792797493529
2.07559746953648,-8.00720373967056
2.08093084500335,-8.02647950440583
2.08626422047021,-8.0457552691411
2.09159759593708,-8.06503103387637
2.09693097140394,-8.08430679861164
2.10226434687081,-8.1035825633469
2.10759772233767,-8.12285832808217
2.11293109780453,-8.14213409281744
2.1182644732714,-8.16140985755271
2.12359784873826,-8.18068562228798
2.12646675109863,-8.19105434417725
2.12646675109863,-8.19105434417725
2.12689094362972,-8.21104984518864
2.1273151361608,-8.23104534620003
2.12773932869189,-8.25104084721142
2.12816352122297,-8.27103634822281
2.12858771375406,-8.29103184923421
2.12901190628514,-8.3110273502456
2.12943609881623,-8.33102285125699
2.12986029134731,-8.35101835226838
2.1302844838784,-8.37101385327978
2.13070867640948,-8.39100935429117
2.13113286894057,-8.41100485530256
2.13155706147165,-8.43100035631395
2.13198125400274,-8.45099585732534
2.13240544653382,-8.47099135833674
2.13282963906491,-8.49098685934813
2.13325383159599,-8.51098236035952
2.13367802412708,-8.53097786137091
2.13410221665816,-8.5509733623823
2.13452640918925,-8.5709688633937
2.13495060172033,-8.59096436440509
2.13537479425142,-8.61095986541648
2.13579898678251,-8.63095536642787
2.13622317931359,-8.65095086743927
2.13664737184468,-8.67094636845066
2.13707156437576,-8.69094186946205
2.13749575690685,-8.71093737047344
2.13791994943793,-8.73093287148483
2.13834414196902,-8.75092837249623
2.1387683345001,-8.77092387350762
2.13876867294312,-8.77093982696533
2.13876867294312,-8.77093982696533
2.12990350089279,-8.78886770259292
2.12103832884246,-8.8067955782205
2.11217315679214,-8.82472345384809
2.10330798474181,-8.84265132947567
2.09444281269149,-8.86057920510326
2.08557764064116,-8.87850708073084
2.07671246859084,-8.89643495635843
2.06784729654051,-8.91436283198601
2.05898212449018,-8.9322907076136
2.05011695243986,-8.95021858324118
2.04125178038953,-8.96814645886877
2.03238660833921,-8.98607433449635
2.02352143628888,-9.00400221012394
2.01465626423856,-9.02193008575152
2.00579109218823,-9.03985796137911
1.9969259201379,-9.05778583700669
1.98806074808758,-9.07571371263428
1.97919557603725,-9.09364158826186
1.97033040398693,-9.11156946388945
1.9614652319366,-9.12949733951703
1.95260005988628,-9.14742521514462
1.94373488783595,-9.1653530907722
1.93486971578562,-9.18328096639978
1.9260045437353,-9.20120884202737
1.91713937168497,-9.21913671765495
1.90827419963465,-9.23706459328253
1.90610408782959,-9.24145317077637
1.90610408782959,-9.24145317077637
1.88777684730286,-9.24946018361983
1.86944960677613,-9.25746719646329
1.8511223662494,-9.26547420930675
1.83279512572267,-9.27348122215022
1.81446788519594,-9.28148823499368
1.79614064466921,-9.28949524783714
1.77781340414248,-9.29750226068061
1.75948616361575,-9.30550927352407
1.74115892308902,-9.31351628636753
1.72283168256229,-9.321523299211
1.70450444203556,-9.32953031205446
1.68617720150883,-9.33753732489792
1.6678499609821,-9.34554433774139
1.64952272045537,-9.35355135058485
1.63119547992864,-9.36155836342831
1.61286823940191,-9.36956537627178
1.59454099887518,-9.37757238911524
1.57621375834845,-9.3855794019587
1.55788651782172,-9.39358641480217
1.53955927729499,-9.40159342764563
1.52123203676826,-9.40960044048909
1.50290479624153,-9.41760745333256
1.4845775557148,-9.42561446617602
1.46625031518807,-9.43362147901948
1.44792307466134,-9.44162849186295
1.42959583413461,-9.44963550470641
1.41126859360788,-9.45764251754987
1.39294135308115,-9.46564953039334
1.37461411255442,-9.4736565432368
1.35941457748413,-9.48029708862305
1.35941457748413,-9.48029708862305
1.3394984104701,-9.48212637577089
1.31958224345607,-9.48395566291873
1.29966607644204,-9.48578495006658
1.27974990942801,-9.48761423721442
1.25983374241398,-9.48944352436226
1.23991757539995,-9.4912728115101
1.22000140838592,-9.49310209865794
1.20008524137189,-9.49493138580579
1.18016907435786,-9.49676067295363
1.16025290734383,-9.49858996010147
1.1403367403298,-9.50041924724931
1.12042057331577,-9.50224853439716
1.10050440630174,-9.504077821545
1.08058823928771,-9.50590710869284
1.06067207227368,-9.50773639584068
1.04075590525965,-9.50956568298852
1.02083973824562,-9.51139497013637
1.00092357123159,-9.51322425728421
0.981007404217558,-9.51505354443205
0.961091237203527,-9.51688283157989
0.941175070189497,-9.51871211872773
0.921258903175467,-9.52054140587557
0.902208387851715,-9.52229118347168
0.902208387851715,-9.52229118347168
0.882369331406801,-9.51975902246268
0.862530274961887,-9.51722686145368
0.842691218516973,-9.51469470044467
0.822852162072059,-9.51216253943567
0.803013105627145,-9.50963037842667
0.78317404918223,-9.50709821741767
0.763334992737316,-9.50456605640867
0.743495936292402,-9.50203389539966
0.723656879847488,-9.49950173439066
0.703817823402574,-9.49696957338166
0.68397876695766,-9.49443741237266
0.664139710512746,-9.49190525136365
0.644300654067831,-9.48937309035465
0.624461597622917,-9.48684092934565
0.604622541178003,-9.48430876833665
0.584783484733089,-9.48177660732765
0.564944428288175,-9.47924444631864
0.545105371843261,-9.47671228530964
0.525266315398347,-9.47418012430064
0.505427258953432,-9.47164796329164
0.485588202508518,-9.46911580228264
0.465749146063604,-9.46658364127363
0.44591008961869,-9.46405148026463
0.426071033173776,-9.46151931925563
0.406231976728861,-9.45898715824663
0.386392920283947,-9.45645499723763
0.366553863839033,-9.45392283622862
0.346714807394119,-9.45139067521962
0.326875750949204,-9.44885851421062
0.307148009538651,-9.44634056091309
0.307148009538651,-9.44634056091309
0.287149166153735,-9.44612547194171
0.267150322768819,-9.44591038297034
0.247151479383903,-9.44569529399896
0.227152635998987,-9.44548020502759
0.207153792614071,-9.44526511605621
0.187154949229155,-9.44505002708484
0.167156105844239,-9.44483493811346
0.147157262459324,-9.44461984914209
0.127158419074408,-9.44440476017071
0.107159575689492,-9.44418967119934
0.087160732304576,-9.44397458222796
0.06716188891966,-9.44375949325659
0.047163045534744,-9.44354440428521
0.027164202149828,-9.44332931531384
0.007165358764913,-9.44311422634246
-0.012833484620003,-9.44289913737109
-0.032832328004919,-9.44268404839971
-0.052831171389835,-9.44246895942834
-0.072830014774751,-9.44225387045696
-0.092828858159667,-9.44203878148559
-0.112827701544583,-9.44182369251421
-0.132826544929498,-9.44160860354284
-0.152825388314414,-9.44139351457146
-0.17282423169933,-9.44117842560009
-0.192823075084246,-9.44096333662871
-0.200765579938888,-9.44087791442871
-0.200765579938888,-9.44087791442871
-0.220742083693815,-9.43990874069331
-0.240718587448742,-9.4389395669579
-0.260695091203669,-9.43797039322249
-0.280671594958595,-9.43700121948709
-0.300648098713522,-9.43603204575168
-0.320624602468449,-9.43506287201628
-0.340601106223375,-9.43409369828087
-0.360577609978302,-9.43312452454547
-0.380554113733229,-9.43215535081006
-0.400530617488156,-9.43118617707466
-0.420507121243082,-9.43021700333925
-0.440483624998009,-9.42924782960385
-0.460460128752936,-9.42827865586844
-0.480436632507862,-9.42730948213304
-0.500413136262789,-9.42634030839763
-0.520389640017716,-9.42537113466222
-0.540366143772642,-9.42440196092682
-0.560342647527569,-9.42343278719141
-0.580319151282496,-9.42246361345601
-0.600295655037422,-9.4214944397206
-0.620272158792349,-9.4205252659852
-0.640248662547276,-9.41955609224979
-0.660225166302202,-9.41858691851439
-0.680201670057129,-9.41761774477898
-0.700178173812056,-9.41664857104358
-0.708034932613373,-9.41626739501953
-0.708034932613373,-9.41626739501953
-0.727950794861046,-9.41443479278999
-0.747866657108718,-9.41260219056045
-0.767782519356391,-9.41076958833091
-0.787698381604064,-9.40893698610137
-0.807614243851737,-9.40710438387183
-0.82753010609941,-9.40527178164228
-0.847445968347083,-9.40343917941274
-0.867361830594756,-9.4016065771832
-0.887277692842428,-9.39977397495366
-0.907193555090101,-9.39794137272412
-0.927109417337774,-9.39610877049458
-0.947025279585447,-9.39427616826504
-0.96694114183312,-9.3924435660355
-0.986857004080792,-9.39061096380596
-1.00677286632847,-9.38877836157641
-1.02668872857614,-9.38694575934687
-1.04660459082381,-9.38511315711733
-1.06652045307148,-9.38328055488779
-1.08643631531916,-9.38144795265825
-1.10635217756683,-9.37961535042871
-1.1262680398145,-9.37778274819917
-1.14618390206217,-9.37595014596962
-1.16609976430985,-9.37411754374008
-1.17941427230835,-9.37289237976074
-1.17941427230835,-9.37289237976074
-1.19938687695705,-9.37184592692056
-1.21935948160575,-9.37079947408038
-1.23933208625445,-9.3697530212402
-1.25930469090315,-9.36870656840003
-1.27927729555185,-9.36766011555985
-1.29924990020055,-9.36661366271967
-1.31922250484925,-9.36556720987949
-1.33919510949795,-9.36452075703931
-1.35916771414665,-9.36347430419913
-1.37914031879535,-9.36242785135895
-1.39911292344405,-9.36138139851877
-1.41908552809275,-9.36033494567859
-1.43905813274145,-9.35928849283841
-1.45903073739015,-9.35824203999823
-1.47900334203885,-9.35719558715805
-1.49897594668755,-9.35614913431787
-1.51894855133625,-9.35510268147769
-1.53892115598495,-9.35405622863752
-1.55889376063365,-9.35300977579734
-1.56427383422852,-9.35272789001465
-1.56427383422852,-9.35272789001465
-1.58088405487909,-9.34158784648066
-1.59749427552967,-9.33044780294667
-1.61410449618024,-9.31930775941268
-1.63071471683082,-9.30816771587869
-1.64732493748139,-9.2970276723447
-1.66393515813197,-9.28588762881071
-1.68054537878254,-9.27474758527672
-1.69715559943312,-9.26360754174273
-1.7137658200837,-9.25246749820874
-1.73037604073427,-9.24132745467475
-1.74698626138485,-9.23018741114076
-1.76359648203542,-9.21904736760677
-1.780206702686,-9.20790732407278
-1.79681692333657,-9.19676728053879
-1.81342714398715,-9.1856272370048
-1.83003736463773,-9.17448719347081
-1.8466475852883,-9.16334714993682
-1.86325780593888,-9.15220710640283
-1.87986802658945,-9.14106706286884
-1.89647824724003,-9.12992701933485
-1.9130884678906,-9.11878697580086
-1.92969868854118,-9.10764693226687
-1.94630890919175,-9.09650688873288
-1.96291912984233,-9.08536684519889
-1.9795293504929,-9.0742268016649
-1.99613957114348,-9.06308675813091
-2.01274979179405,-9.05194671459692
-2.01540613174438,-9.0501651763916
-2.01540613174438,-9.0501651763916
-2.02410989173827,-9.03215838428504
-2.03281365173215,-9.01415159217848
-2.04151741172604,-8.99614480007192
-2.05022117171992,-8.97813800796536
-2.05892493171381,-8.9601312158588
-2.06762869170769,-8.94212442375224
-2.07633245170158,-8.92411763164568
-2.08503621169546,-8.90611083953912
-2.09373997168935,-8.88810404743257
-2.10244373168323,-8.87009725532601
-2.11114749167711,-8.85209046321945
-2.119851251671,-8.83408367111289
-2.12855501166488,-8.81607687900633
-2.13725877165877,-8.79807008689977
-2.14596253165265,-8.78006329479321
-2.15466629164654,-8.76205650268665
-2.16337005164042,-8.74404971058009
-2.17207381163431,-8.72604291847353
-2.18077757162819,-8.70803612636697
-2.18948133162208,-8.69002933426041
-2.19818509161596,-8.67202254215385
-2.20688885160985,-8.65401575004729
-2.21559261160373,-8.63600895794073
-2.22429637159762,-8.61800216583417
-2.2330001315915,-8.59999537372761
-2.2372100353241,-8.59128570556641
-2.2372100353241,-8.59128570556641
-2.23992081191853,-8.57147026486338
-2.24263158851296,-8.55165482416036
-2.24534236510739,-8.53183938345733
-2.24805314170182,-8.5120239427543
-2.25076391829625,-8.49220850205128
-2.25347469489068,-8.47239306134825
-2.25618547148511,-8.45257762064523
-2.25889624807954,-8.4327621799422
-2.26160702467397,-8.41294673923918
-2.2643178012684,-8.39313129853615
-2.26702857786283,-8.37331585783313
-2.26973935445726,-8.3535004171301
-2.27245013105169,-8.33368497642707
-2.27516090764612,-8.31386953572405
-2.27787168424055,-8.29405409502102
-2.28058246083498,-8.274238654318
-2.28329323742941,-8.25442321361497
-2.28600401402384,-8.23460777291195
-2.28871479061827,-8.21479233220892
-2.2914255672127,-8.1949768915059
-2.29413634380713,-8.17516145080287
-2.29684712040156,-8.15534601009984
-2.29955789699599,-8.13553056939682
-2.30226867359042,-8.11571512869379
-2.30497945018485,-8.09589968799077
-2.30769022677928,-8.07608424728774
-2.31040100337371,-8.05626880658472
-2.31311177996814,-8.03645336588169
-2.31582255656257,-8.01663792517867
-2.318533333157,-7.99682248447564
-2.32124410975143,-7.97700704377262
-2.32395488634586,-7.95719160306959
-2.32666566294029,-7.93737616236657
-2.32937643953472,-7.91756072166354
-2.33208721612915,-7.89774528096052
-2.33479799272358,-7.87792984025749
-2.33523082733154,-7.87476587295532
-2.33523082733154,-7.87476587295532
-2.33636435821848,-7.85479802109969
-2.33749788910541,-7.83483016924406
-2.33863141999234,-7.81486231738843
-2.33976495087927,-7.7948944655328
-2.34089848176621,-7.77492661367717
-2.34203201265314,-7.75495876182154
-2.34316554354007,-7.73499090996591
-2.34429907442701,-7.71502305811028
-2.34543260531394,-7.69505520625465
-2.34656613620087,-7.67508735439902
-2.3476996670878,-7.65511950254339
-2.34883319797474,-7.63515165068776
-2.34996672886167,-7.61518379883213
-2.3511002597486,-7.5952159469765
-2.35223379063554,-7.57524809512087
-2.35336732152247,-7.55528024326524
-2.3545008524094,-7.53531239140961
-2.35563438329633,-7.51534453955398
-2.35676791418327,-7.49537668769835
-2.3579014450702,-7.47540883584272
-2.35903497595713,-7.4554409839871
-2.36016850684407,-7.43547313213147
-2.361302037731,-7.41550528027584
-2.36243556861793,-7.39553742842021
-2.36356909950486,-7.37556957656458
-2.3647026303918,-7.35560172470895
-2.36502742767334,-7.34988021850586
-2.36502742767334,-7.34988021850586
-2.36529881140574,-7.32988205981888
-2.36557019513814,-7.30988390113189
-2.36584157887054,-7.28988574244491
-2.36611296260294,-7.26988758375792
-2.36638434633533,-7.24988942507094
-2.36665573006773,-7.22989126638396
-2.36692711380013,-7.20989310769697
-2.36719849753253,-7.18989494900999
-2.36746988126493,-7.16989679032301
-2.36774126499733,-7.14989863163602
-2.36801264872973,-7.12990047294904
-2.36828403246213,-7.10990231426205
-2.36855541619453,-7.08990415557507
-2.36882679992692,-7.06990599688809
-2.36909818365932,-7.0499078382011
-2.36936956739172,-7.02990967951412
-2.36964095112412,-7.00991152082714
-2.36991233485652,-6.98991336214015
-2.37018371858892,-6.96991520345317
-2.37045510232132,-6.94991704476618
-2.37072648605372,-6.9299188860792
-2.37099786978612,-6.90992072739222
-2.37126925351851,-6.88992256870523
-2.37154063725091,-6.86992441001825
-2.37181202098331,-6.84992625133127
-2.37208340471571,-6.82992809264428
-2.37235478844811,-6.8099299339573
-2.37262617218051,-6.78993177527032
-2.37289755591291,-6.76993361658333
-2.37316893964531,-6.74993545789635
-2.3734403233777,-6.72993729920936
-2.3737117071101,-6.70993914052238
-2.3739830908425,-6.6899409818354
-2.3742544745749,-6.66994282314841
-2.3745258583073,-6.64994466446143
-2.3747972420397,-6.62994650577445
-2.3750686257721,-6.60994834708746
-2.3753400095045,-6.58995018840048
-2.37545824050903,-6.58123779296875
-2.37545824050903,-6.58123779296875
-2.37528271452101,-6.56123856321789
-2.37510718853298,-6.54123933346704
-2.37493166254495,-6.52124010371618
-2.37475613655693,-6.50124087396533
-2.3745806105689,-6.48124164421447
-2.37440508458087,-6.46124241446361
-2.37422955859285,-6.44124318471276
-2.37405403260482,-6.4212439549619
-2.37387850661679,-6.40124472521105
-2.37370298062877,-6.38124549546019
-2.37352745464074,-6.36124626570933
-2.37335192865271,-6.34124703595848
-2.37317640266469,-6.32124780620762
-2.37300087667666,-6.30124857645677
-2.37282535068863,-6.28124934670591
-2.37264982470061,-6.26125011695505
-2.37247429871258,-6.2412508872042
-2.37229877272455,-6.22125165745334
-2.37212324673653,-6.20125242770249
-2.3719477207485,-6.18125319795163
-2.37177219476047,-6.16125396820077
-2.37159666877245,-6.14125473844992
-2.37142114278442,-6.12125550869906
-2.37124561679639,-6.10125627894821
-2.37107009080837,-6.08125704919735
-2.37089456482034,-6.06125781944649
-2.37071903883231,-6.04125858969564
-2.37054351284428,-6.02125935994478
-2.37036798685626,-6.00126013019393
-2.37019246086823,-5.98126090044307
-2.3700169348802,-5.96126167069221
-2.36984140889218,-5.94126244094136
-2.36966588290415,-5.9212632111905
-2.36949035691612,-5.90126398143965
-2.3693148309281,-5.88126475168879
-2.36918067932129,-5.86597967147827
-2.36918067932129,-5.86597967147827
-2.36961853344465,-5.84598446495854
-2.37005638756802,-5.82598925843881
-2.37049424169138,-5.80599405191908
-2.37093209581475,-5.78599884539935
-2.37136994993811,-5.76600363887962
-2.37180780406147,-5.74600843235989
-2.37224565818484,-5.72601322584016
-2.3726835123082,-5.70601801932043
-2.37312136643157,-5.6860228128007
-2.37355922055493,-5.66602760628097
-2.3739970746783,-5.64603239976124
-2.37443492880166,-5.62603719324151
-2.37487278292502,-5.60604198672178
-2.37531063704839,-5.58604678020205
-2.37574849117175,-5.56605157368232
-2.37618634529512,-5.54605636716259
-2.37662419941848,-5.52606116064286
-2.37706205354185,-5.50606595412313
-2.37749990766521,-5.4860707476034
-2.37793776178857,-5.46607554108367
-2.37837561591194,-5.44608033456394
-2.3788134700353,-5.42608512804421
-2.37925132415867,-5.40608992152448
-2.37968917828203,-5.38609471500475
-2.3801270324054,-5.36609950848502
-2.38056488652876,-5.34610430196529
-2.38100274065212,-5.32610909544556
-2.38106322288513,-5.32334709167481
-2.38106322288513,-5.32334709167481
-2.38027011072267,-5.30336282353465
-2.37947699856021,-5.28337855539449
-2.37868388639775,-5.26339428725433
-2.37789077423528,-5.24341001911417
-2.37709766207282,-5.22342575097401
-2.37630454991036,-5.20344148283385
-2.3755114377479,-5.18345721469369
-2.37471832558544,-5.16347294655353
-2.37392521342298,-5.14348867841337
-2.37313210126052,-5.12350441027322
-2.37233898909805,-5.10352014213306
-2.37154587693559,-5.0835358739929
-2.37075276477313,-5.06355160585274
-2.36995965261067,-5.04356733771258
-2.36916654044821,-5.02358306957242
-2.36837342828575,-5.00359880143226
-2.36758031612328,-4.9836145332921
-2.36678720396082,-4.96363026515194
-2.36599409179836,-4.94364599701178
-2.3652009796359,-4.92366172887163
-2.36440786747344,-4.90367746073147
-2.36361475531098,-4.88369319259131
-2.36282164314851,-4.86370892445115
-2.36202853098605,-4.84372465631099
-2.36123541882359,-4.82374038817083
-2.36044230666113,-4.80375612003067
-2.35964919449867,-4.78377185189051
-2.35885608233621,-4.76378758375035
-2.35824966430664,-4.74850749969482
-2.35824966430664,-4.74850749969482
-2.35807278035256,-4.72850828190845
-2.35789589639848,-4.70850906412208
-2.3577190124444,-4.6885098463357
-2.35754212849032,-4.66851062854933
-2.35736524453624,-4.64851141076296
-2.35718836058216,-4.62851219297659
-2.35701147662808,-4.60851297519021
-2.356834592674,-4.58851375740384
-2.35665770871991,-4.56851453961747
-2.35648082476583,-4.54851532183109
-2.35630394081175,-4.52851610404472
-2.35612705685767,-4.50851688625835
-2.35595017290359,-4.48851766847197
-2.35577328894951,-4.4685184506856
-2.35559640499543,-4.44851923289923
-2.35541952104135,-4.42852001511285
-2.35524263708727,-4.40852079732648
-2.35506575313319,-4.38852157954011
-2.35488886917911,-4.36852236175373
-2.35471198522503,-4.34852314396736
-2.35453510127095,-4.32852392618099
-2.35435821731687,-4.30852470839461
-2.35418133336279,-4.28852549060824
-2.35400444940871,-4.26852627282187
-2.35382756545463,-4.24852705503549
-2.35365068150055,-4.22852783724912
-2.35347379754646,-4.20852861946275
-2.35329691359238,-4.18852940167637
-2.3531200296383,-4.16853018389
-2.35294314568422,-4.14853096610363
-2.35276626173014,-4.12853174831725
-2.35258937777606,-4.10853253053088
-2.35241249382198,-4.08853331274451
-2.3522356098679,-4.06853409495813
-2.35205872591382,-4.04853487717176
-2.35188184195974,-4.02853565938539
-2.35170495800566,-4.00853644159901
-2.35152807405158,-3.98853722381264
-2.3513511900975,-3.96853800602627
-2.35117430614342,-3.94853878823989
-2.35099742218934,-3.92853957045352
-2.35098457336426,-3.92708683013916
-2.35098457336426,-3.92708683013916
-2.35187081162016,-3.90710647524357
-2.35275704987607,-3.88712612034798
-2.35364328813197,-3.86714576545239
-2.35452952638788,-3.8471654105568
-2.35541576464378,-3.8271850556612
-2.35630200289969,-3.80720470076561
-2.35718824115559,-3.78722434587002
-2.3580744794115,-3.76724399097443
-2.3589607176674,-3.74726363607884
-2.35984695592331,-3.72728328118325
-2.36073319417921,-3.70730292628766
-2.36161943243512,-3.68732257139207
-2.36250567069102,-3.66734221649648
-2.36339190894693,-3.64736186160089
-2.36427814720284,-3.6273815067053
-2.36516438545874,-3.6074011518097
-2.36605062371465,-3.58742079691411
-2.36693686197055,-3.56744044201852
-2.36782310022646,-3.54746008712293
-2.36870933848236,-3.52747973222734
-2.36959557673826,-3.50749937733175
-2.37048181499417,-3.48751902243616
-2.37136805325007,-3.46753866754057
-2.37225429150598,-3.44755831264498
-2.37314052976189,-3.42757795774938
-2.37402676801779,-3.40759760285379
-2.37491300627369,-3.3876172479582
-2.3757992445296,-3.36763689306261
-2.3766854827855,-3.34765653816702
-2.37757172104141,-3.32767618327143
-2.37845795929731,-3.30769582837584
-2.37934419755322,-3.28771547348025
-2.37965631484985,-3.28067874908447
-2.37965631484985,-3.28067874908447
-2.37856579116053,-3.26070850226369
-2.3774752674712,-3.24073825544291
-2.37638474378187,-3.22076800862212
-2.37529422009255,-3.20079776180134
-2.37420369640322,-3.18082751498055
-2.3731131727139,-3.16085726815977
-2.37202264902457,-3.14088702133899
-2.37093212533524,-3.1209167745182
-2.36984160164592,-3.10094652769742
-2.36875107795659,-3.08097628087664
-2.36766055426727,-3.06100603405585
-2.36657003057794,-3.04103578723507
-2.36547950688861,-3.02106554041429
-2.36438898319929,-3.0010952935935
-2.36329845950996,-2.98112504677272
-2.36220793582063,-2.96115479995193
-2.36111741213131,-2.94118455313115
-2.36002688844198,-2.92121430631037
-2.35893636475266,-2.90124405948958
-2.35784584106333,-2.8812738126688
-2.356755317374,-2.86130356584802
-2.35566479368468,-2.84133331902723
-2.35457426999535,-2.82136307220645
-2.35348374630603,-2.80139282538567
-2.3523932226167,-2.78142257856488
-2.35130269892737,-2.7614523317441
-2.35021217523805,-2.74148208492331
-2.34912165154872,-2.72151183810253
-2.34803112785939,-2.70154159128175
-2.34694060417007,-2.68157134446096
-2.34585008048074,-2.66160109764018
-2.34475955679142,-2.6416308508194
-2.34366903310209,-2.62166060399861
-2.34257850941276,-2.60169035717783
-2.34148798572344,-2.58172011035705
-2.34039746203411,-2.56174986353626
-2.33930693834478,-2.54177961671548
-2.33821641465546,-2.52180936989469
-2.33770084381104,-2.51236796379089
-2.33770084381104,-2.51236796379089
-2.33623016345327,-2.49242210960299
-2.3347594830955,-2.47247625541508
-2.33328880273773,-2.45253040122717
-2.33181812237997,-2.43258454703926
-2.3303474420222,-2.41263869285135
-2.32887676166443,-2.39269283866345
-2.32740608130667,-2.37274698447554
-2.3259354009489,-2.35280113028763
-2.32446472059113,-2.33285527609972
-2.32299404023337,-2.31290942191182
-2.3215233598756,-2.29296356772391
-2.32005267951783,-2.273017713536
-2.31858199916007,-2.25307185934809
-2.3171113188023,-2.23312600516018
-2.31564063844453,-2.21318015097228
-2.31416995808677,-2.19323429678437
-2.312699277729,-2.17328844259646
-2.31122859737123,-2.15334258840855
-2.30975791701346,-2.13339673422064
-2.3082872366557,-2.11345088003274
-2.30681655629793,-2.09350502584483
-2.30534587594016,-2.07355917165692
-2.3038751955824,-2.05361331746901
-2.30240451522463,-2.03366746328111
-2.30093383486686,-2.0137216090932
-2.2994631545091,-1.99377575490529
-2.29799247415133,-1.97382990071738
-2.29652179379356,-1.95388404652947
-2.2950511134358,-1.93393819234157
-2.29358043307803,-1.91399233815366
-2.29210975272026,-1.89404648396575
-2.2906390723625,-1.87410062977784
-2.28916839200473,-1.85415477558993
-2.28769771164696,-1.83420892140203
-2.2862270312892,-1.81426306721412
-2.28475635093143,-1.79431721302621
-2.28328567057366,-1.7743713588383
-2.2818149902159,-1.7544255046504
-2.28034430985813,-1.73447965046249
-2.27887362950036,-1.71453379627458
-2.2774029491426,-1.69458794208667
-2.27720999717712,-1.69197106361389
-2.27720999717712,-1.69197106361389
-2.275658528173,-1.67203133081906
-2.27410705916887,-1.65209159802423
-2.27255559016475,-1.6321518652294
-2.27100412116062,-1.61221213243457
-2.26945265215649,-1.59227239963974
-2.26790118315237,-1.57233266684491
-2.26634971414824,-1.55239293405008
-2.26479824514411,-1.53245320125525
-2.26324677613999,-1.51251346846042
-2.26169530713586,-1.49257373566559
-2.26014383813173,-1.47263400287076
-2.25859236912761,-1.45269427007593
-2.25704090012348,-1.43275453728109
-2.25548943111936,-1.41281480448626
-2.25393796211523,-1.39287507169143
-2.2523864931111,-1.3729353388966
-2.25083502410698,-1.35299560610177
-2.24928355510285,-1.33305587330694
-2.24773208609873,-1.31311614051211
-2.2461806170946,-1.29317640771728
-2.24462914809047,-1.27323667492245
-2.24307767908635,-1.25329694212762
-2.24152621008222,-1.23335720933279
-2.2399747410781,-1.21341747653796
-2.23842327207397,-1.19347774374313
-2.23784041404724,-1.18598675727844
-2.23784041404724,-1.18598675727844
-2.23616489733483,-1.16605706476334
-2.23448938062242,-1.14612737224824
-2.23281386391002,-1.12619767973314
-2.23113834719761,-1.10626798721804
-2.2294628304852,-1.08633829470294
-2.22778731377279,-1.06640860218784
-2.22611179706038,-1.04647890967274
-2.22443628034798,-1.02654921715764
-2.22276076363557,-1.00661952464254
-2.22108524692316,-0.98668983212744
-2.21940973021075,-0.96676013961234
-2.21773421349834,-0.94683044709724
-2.21605869678594,-0.926900754582139
-2.21438318007353,-0.906971062067039
-2.21270766336112,-0.887041369551939
-2.21103214664871,-0.867111677036839
-2.2093566299363,-0.847181984521738
-2.2076811132239,-0.827252292006638
-2.20600559651149,-0.807322599491538
-2.20433007979908,-0.787392906976438
-2.20265456308667,-0.767463214461337
-2.20097904637426,-0.747533521946237
-2.19930352966186,-0.727603829431137
-2.19762801294945,-0.707674136916036
-2.19595249623704,-0.687744444400936
-2.19427697952463,-0.667814751885836
-2.19260146281222,-0.647885059370736
-2.19092594609982,-0.627955366855636
-2.18925042938741,-0.608025674340535
-2.187574912675,-0.588095981825435
-2.18589939596259,-0.568166289310335
-2.18422387925018,-0.548236596795235
-2.18254836253778,-0.528306904280135
-2.18087284582537,-0.508377211765034
-2.17919732911296,-0.488447519249934
-2.17912149429321,-0.487545490264893
-2.17912149429321,-0.487545490264893
-2.16650978723933,-0.472023092087191
-2.15389808018545,-0.456500693909489
-2.14128637313157,-0.440978295731787
-2.12867466607769,-0.425455897554085
-2.11606295902381,-0.409933499376384
-2.10345125196994,-0.394411101198682
-2.09083954491606,-0.37888870302098
-2.07822783786218,-0.363366304843278
-2.0656161308083,-0.347843906665577
-2.05300442375442,-0.332321508487875
-2.04039271670054,-0.316799110310173
-2.02778100964666,-0.301276712132471
-2.01516930259278,-0.285754313954769
-2.0025575955389,-0.270231915777068
-1.98994588848502,-0.254709517599366
-1.97733418143114,-0.239187119421664
-1.96472247437726,-0.223664721243962
-1.95211076732338,-0.208142323066261
-1.9394990602695,-0.192619924888559
-1.92688735321562,-0.177097526710857
-1.91427564616174,-0.161575128533156
-1.90166393910786,-0.146052730355454
-1.88905223205398,-0.130530332177752
-1.8764405250001,-0.11500793400005
-1.86382881794622,-0.099485535822349
-1.85121711089234,-0.083963137644647
-1.83860540383846,-0.068440739466945
-1.82599369678458,-0.052918341289243
-1.82577991485596,-0.052655220031738
-1.82577991485596,-0.052655220031738
-1.80607994694966,-0.049203950049436
-1.78637997904336,-0.045752680067133
-1.76668001113706,-0.042301410084831
-1.74698004323076,-0.038850140102529
-1.72728007532446,-0.035398870120226
-1.70758010741816,-0.031947600137924
-1.68788013951186,-0.028496330155621
-1.66818017160556,-0.025045060173319
-1.64848020369926,-0.021593790191016
-1.62878023579296,-0.018142520208714
-1.60908026788666,-0.014691250226412
-1.58938029998036,-0.011239980244109
-1.56968033207406,-0.007788710261807
-1.54998036416776,-0.004337440279504
-1.53028039626146,-0.000886170297202
-1.51058042835516,0.002565099685101
-1.49088046044885,0.006016369667403
-1.47118049254255,0.009467639649706
-1.45148052463625,0.012918909632008
-1.43178055672995,0.016370179614311
-1.41208058882365,0.019821449596613
-1.39238062091735,0.023272719578915
-1.37268065301105,0.026723989561218
-1.35298068510475,0.03017525954352
-1.33328071719845,0.033626529525823
-1.31358074929215,0.037077799508125
-1.29388078138585,0.040529069490428
-1.27418081347955,0.04398033947273
-1.25448084557325,0.047431609455032
-1.23478087766695,0.050882879437335
-1.21508090976065,0.054334149419637
-1.19538094185435,0.05778541940194
-1.17568097394805,0.061236689384242
-1.15598100604175,0.064687959366544
-1.13628103813545,0.068139229348847
-1.11658107022915,0.071590499331149
-1.09688110232285,0.075041769313452
-1.07718113441655,0.078493039295754
-1.05748116651025,0.081944309278056
-1.05593156814575,0.082215785980225
